	F-Score	Precision	Recall
LineMatch	0.22843822843822842	0.16838487972508592	0.35507246376811596
