,F-Score,Precision,Recall
TextMatch,0.5806451612903226,0.46153846153846156,0.782608695652174
